{
    "id": "exoticaz",
    "name": "exoticaz",
    "domain": "https://exoticaz.to/",
    "encoding": "UTF-8",
    "public": false,
    "search": {
        "paths": [
            {
                "path": "torrents",
                "method": "get"
            }
        ],
        "params": {
            "search": "{keyword}"
        },
        "batch": {
            "delimiter": " ",
            "space_replace": "_"
        }
    },
    "category": {
        "movie": [
            {
                "id": "Video Clip",
                "cat": "AV/Video Clip",
                "desc": "Video Clip"
            },
            {
                "id": "Video Pack",
                "cat": "AV/Video Pack",
                "desc": "Video Pack"
            },
            {
                "id": "Siterip Pack",
                "cat": "AV/cate_level2_desc",
                "desc": "Siterip Pack"
            },
            {
                "id": "Pornstar Pack",
                "cat": "AV/Pornstar Pack",
                "desc": "Pornstar Pack"
            },
            {
                "id": "DVD",
                "cat": "AV/DVD",
                "desc": "DVD"
            },
            {
                "id": "BluRay",
                "cat": "AV/BluRay",
                "desc": "BluRay"
            },
            {
                "id": "Photo Pack",
                "cat": "AV/Photo Pack",
                "desc": "Photo Pack"
            },
            {
                "id": "Books &amp; Magazines",
                "cat": "AV/Books",
                "desc": "Books &amp; Magazines"
            }
        ]
    },
    "torrents": {
        "list": {
            "selector": "div.card.mt-2 > div.card-body.p-2 > div.table-responsive > table > tbody > tr:has(i)"
        },
        "fields": {
            "id": {
                "selector": "a[href^=\"https://exoticaz.to/torrent/\"]",
                "attribute": "href",
                "filters": [
                    {
                        "name": "re_search",
                        "args": [
                            "\\d+",
                            0
                        ]
                    }
                ]
            },
            "title_default": {
                "selector": "a[href*=\"/torrent/\"]"
            },
            "title_optional": {
                "optional": true,
                "selector": "a[title][href*=\"/torrent/\"]",
                "attribute": "title"
            },
            "title": {
                "text": "{% if fields['title_optional'] %}{{ fields['title_optional'] }}{% else %}{{ fields['title_default'] }}{% endif %}"
            },
            "category": {
                "selector": "td:nth-child(1) > i.fa.fa-video.category-icon[title]",
                "attribute": "title"
            },
            "details": {
                "selector": "a[href^=\"https://exoticaz.to/torrent/\"]",
                "attribute": "href",
                "filters": [
                    {
                        "name": "replace",
                        "args": [
                            "https://exoticaz.to/",
                            ""
                        ]
                    }
                ]
            },
            "download": {
                "selector": "a[href^=\"https://exoticaz.to/download/torrent/\"]",
                "attribute": "href"
            },
            "date": {
                "text": "td:nth-child(4)",
                "filters": [
                    {
                        "name": "date_en_elapsed_parse"
                    }
                ]
            },
            "size": {
                "selector": "td:nth-child(5)"
            },
            "seeders": {
                "selector": "td:nth-child(6)"
            },
            "leechers": {
                "selector": "td:nth-child(7)"
            },
            "grabs": {
                "selector": "td:nth-child(8)"
            },
            "downloadvolumefactor": {
                "case": {
                    "i.fa.fa-star.text-yellow": 0,
                    "i.fa.fa-star-half-alt.text-pink": 0.5,
                    "*": 1
                }
            },
            "uploadvolumefactor": {
                "case": {
                    "i.fa.fa-gem.text-green": 2,
                    "*": 1
                }
            },
            "free_deadline": {
                "default_value": "{% if fields['downloadvolumefactor']==0 %}{{max_time}}{% endif%}",
                "default_value_format": "%Y-%m-%d %H:%M:%S.%f"
            },
            "minimumratio": {
                "text": 1
            },
            "minimumseedtime": {
                "text": 2073600
            }
        }
    },
    "conf": {
        "FREE": [
            "//i[contains(@class, 'fa-star')]"
        ],
        "2XFREE": [
            "//i[contains(@class, 'fa-star-half')]"
        ],
        "HR": [],
        "PEER_COUNT": []
    }
}