{
    "id": "U2",
    "name": "U2",
    "domain": "https://u2.dmhy.org/",
    "encoding": "UTF-8",
    "public": false,
    "search": {
        "paths": [
            {
                "path": "torrents.php",
                "method": "get"
            }
        ],
        "params": {
            "search": "{keyword}"
        },
        "batch": {
            "delimiter": " ",
            "space_replace": "_"
        }
    },
    "batch": {
        "delimiter": " ",
        "space_replace": "_"
    },
    "browse": {},
    "torrents": {
        "list": {
            "selector": "table.torrents > tr:has(\"table.torrentname\")"
        },
        "fields": {
            "id": {
                "selector": "a[href*=\"details.php?id=\"]",
                "attribute": "href",
                "filters": [
                    {
                        "name": "re_search",
                        "args": [
                            "\\d+",
                            0
                        ]
                    }
                ]
            },
            "title_default": {
                "selector": "a[href*=\"details.php?id=\"]"
            },
            "title_optional": {
                "optional": true,
                "selector": "a[title][href*=\"details.php?id=\"]",
                "attribute": "title"
            },
            "title": {
                "text": "{% if fields['title_optional'] %}{{ fields['title_optional'] }}{% else %}{{ fields['title_default'] }}{% endif %}"
            },
            "category": {
                "selector": "a[href*=\"?cat=\"]",
                "attribute": "href",
                "filters": [
                    {
                        "name": "replace",
                        "args": [
                            "?",
                            ""
                        ]
                    },
                    {
                        "name": "querystring",
                        "args": "cat"
                    }
                ]
            },
            "details": {
                "selector": "a[href*=\"details.php?id=\"]",
                "attribute": "href"
            },
            "download": {
                "selector": "a[href*=\"download.php?id=\"]",
                "attribute": "href"
            },
            "imdbid": {
                "selector": "div.imdb_100 > a",
                "attribute": "href",
                "filters": [
                    {
                        "name": "re_search",
                        "args": [
                            "tt\\d+",
                            0
                        ]
                    }
                ]
            },
            "date_elapsed": {
                "selector": "td:nth-child(4) > time",
                "optional": true
            },
            "date_added": {
                "selector": "td:nth-child(4) > time",
                "attribute": "title",
                "optional": true
            },
            "date": {
                "text": "{% if fields['date_elapsed'] or fields['date_added'] %}{{ fields['date_elapsed'] if fields['date_elapsed'] else fields['date_added'] }}{% else %}now{% endif %}",
                "filters": [
                    {
                        "name": "dateparse",
                        "args": "%Y-%m-%d %H:%M:%S"
                    }
                ]
            },
            "size": {
                "selector": "td:nth-child(5)"
            },
            "seeders": {
                "selector": "td:nth-child(6)"
            },
            "leechers": {
                "selector": "td:nth-child(7)"
            },
            "grabs": {
                "selector": "td:nth-child(8)"
            },
            "downloadvolumefactor": {
                "case": {
                    "img.pro_free": 0,
                    "img.pro_free2up": 0,
                    "img.pro_50pctdown": 0.5,
                    "img.pro_50pctdown2up": 0.5,
                    "img.pro_30pctdown": 0.3,
                    "*": 1
                }
            },
            "uploadvolumefactor": {
                "case": {
                    "img.pro_50pctdown2up": 2,
                    "img.pro_free2up": 2,
                    "img.pro_2up": 2,
                    "*": 1
                }
            },
            "free_deadline": {
                "default_value": "{% if fields['downloadvolumefactor']==0 %}{{max_time}}{% endif%}",
                "default_value_format": "%Y-%m-%d %H:%M:%S.%f",
                "selector": "td > b > time[title]",
                "attribute": "title",
                "filters": [
                    {
                        "name": "dateparse",
                        "args": "%Y-%m-%d %H:%M:%S"
                    }
                ]
            },
            "description": {
                "selector": "td:nth-child(2) > table > tr > td.embedded",
                "remove": "span,a,img,font,b",
                "contents": -1
            },
            "labels": {
                "selector": "td:nth-child(2) > table > tr > td.embedded > span"
            }
        }
    },
    "category": {
        "movie": [
            {
                "id": 9,
                "cat": "Movies/Other",
                "desc": "U2-Rip"
            },
            {
                "id": 411,
                "cat": "Movies/Other",
                "desc": "U2-RBD"
            },
            {
                "id": 413,
                "cat": "Movies/Other",
                "desc": "Web"
            },
            {
                "id": 12,
                "cat": "Movies/HD",
                "desc": "BDRip"
            },
            {
                "id": 13,
                "cat": "Movies/Other",
                "desc": "DVDRip"
            },
            {
                "id": 14,
                "cat": "Movies/Other",
                "desc": "HDTVRip"
            },
            {
                "id": 15,
                "cat": "Movies/Other",
                "desc": "DVDISO"
            },
            {
                "id": 16,
                "cat": "Movies/BluRay",
                "desc": "BDMV"
            },
            {
                "id": 17,
                "cat": "Movies/Other",
                "desc": "LQRip"
            },
            {
                "id": 412,
                "cat": "Movies/BluRay",
                "desc": "\u52a0\u6d41\u91cd\u704c (Modded Blu-rays)"
            }
        ],
        "tv": [
            {
                "id": 9,
                "cat": "TV/Anime",
                "desc": "U2-Rip"
            },
            {
                "id": 411,
                "cat": "TV/Anime",
                "desc": "U2-RBD"
            },
            {
                "id": 413,
                "cat": "TV/Anime",
                "desc": "Web"
            },
            {
                "id": 12,
                "cat": "TV/Anime",
                "desc": "BDRip"
            },
            {
                "id": 13,
                "cat": "TV/Anime",
                "desc": "DVDRip"
            },
            {
                "id": 14,
                "cat": "TV/Anime",
                "desc": "HDTVRip"
            },
            {
                "id": 15,
                "cat": "TV/Anime",
                "desc": "DVDISO"
            },
            {
                "id": 16,
                "cat": "TV/Anime",
                "desc": "BDMV"
            },
            {
                "id": 17,
                "cat": "TV/Anime",
                "desc": "LQRip"
            },
            {
                "id": 410,
                "cat": "TV/Anime",
                "desc": "\u5916\u6302\u7ed3\u6784 (TV Series)"
            },
            {
                "id": 412,
                "cat": "TV/Anime",
                "desc": "\u52a0\u6d41\u91cd\u704c (Modded Blu-rays)"
            }
        ]
    },
    "conf": {
        "FREE": [
            "//td[@class='rowfollow']/img[@class='pro_free'][@alt='FREE']"
        ],
        "2XFREE": [
            "//td[@class='rowfollow']/img[@class='pro_free2up'][@alt='2X Free']"
        ],
        "HR": [],
        "PEER_COUNT": []
    }
}