{
    "id": "beibingyang",
    "name": "\u5317\u6d0b\u56ed",
    "domain": "https://www.tjupt.org/",
    "encoding": "UTF-8",
    "public": false,
    "search": {
        "paths": [
            {
                "path": "torrents.php",
                "method": "get"
            }
        ],
        "params": {
            "search": "{keyword}"
        },
        "batch": {
            "delimiter": " ",
            "space_replace": "-"
        }
    },
    "category": {
        "movie": [
            {
                "id": 401,
                "cat": "Movies",
                "desc": "Movies\u7535\u5f71"
            }
        ],
        "tv": [
            {
                "id": 402,
                "cat": "TV",
                "desc": "TV Series\u5267\u96c6"
            },
            {
                "id": 403,
                "cat": "TV",
                "desc": "TV Shows\u7efc\u827a"
            },
            {
                "id": 405,
                "cat": "TV/Anime",
                "desc": "Animations\u52a8\u6f2b"
            }
        ]
    },
    "torrents": {
        "list": {
            "selector": "table.torrents > tr:has(\"table.torrentname\")"
        },
        "fields": {
            "id": {
                "selector": "a[href*=\"details.php?id=\"]",
                "attribute": "href",
                "filters": [
                    {
                        "name": "re_search",
                        "args": [
                            "\\d+",
                            0
                        ]
                    }
                ]
            },
            "category": {
                "selector": "a[href*=\"cat=\"]",
                "attribute": "href",
                "filters": [
                    {
                        "name": "querystring",
                        "args": "cat"
                    }
                ]
            },
            "title_default": {
                "selector": "a[href*=\"details.php?id=\"]"
            },
            "title_optional": {
                "optional": true,
                "selector": "a[title][href*=\"details.php?id=\"]",
                "attribute": "title"
            },
            "title": {
                "text": "{% if fields['title_optional'] %}{{ fields['title_optional'] }}{% else %}{{ fields['title_default'] }}{% endif %}"
            },
            "details": {
                "selector": "a[href*=\"details.php?id=\"]",
                "attribute": "href"
            },
            "download": {
                "selector": "a[href*=\"download.php?id=\"]",
                "attribute": "href"
            },
            "imdbid": {
                "selector": "a[href*=\"imdb.com/title/tt\"]",
                "attribute": "href",
                "filters": [
                    {
                        "name": "re_search",
                        "args": [
                            "tt\\d+",
                            0
                        ]
                    }
                ]
            },
            "date_elapsed": {
                "selector": "td:nth-child(4) > span",
                "optional": true
            },
            "date_added": {
                "selector": "td:nth-child(4) > span",
                "attribute": "title",
                "optional": true
            },
            "date": {
                "text": "{% if fields['date_elapsed'] or fields['date_added'] %}{{ fields['date_elapsed'] if fields['date_elapsed'] else fields['date_added'] }}{% else %}now{% endif %}",
                "filters": [
                    {
                        "name": "dateparse",
                        "args": "%Y-%m-%d %H:%M:%S"
                    }
                ]
            },
            "size": {
                "selector": "td:nth-child(5)"
            },
            "seeders": {
                "selector": "td:nth-child(6)"
            },
            "leechers": {
                "selector": "td:nth-child(7)"
            },
            "grabs": {
                "selector": "td:nth-child(8)"
            },
            "downloadvolumefactor": {
                "case": {
                    "font.free": 0,
                    "font.twoupfree": 0,
                    "font.halfdown": 0.5,
                    "font.twouphalfdown": 0.5,
                    "font.thirtypercent": 0.3,
                    "*": 1
                }
            },
            "uploadvolumefactor": {
                "case": {
                    "font.twouphalfdown": 2,
                    "font.twoupfree": 2,
                    "font.twoup": 2,
                    "*": 1
                }
            },
            "description": {
                "selector": "table.torrentname > tr:nth-child(1) > td:nth-child(2)",
                "remove": "a, img, div",
                "contents": -1
            },
            "labels": {
                "selector": "table.torrentname > tr:nth-child(2) > td:nth-child(2) > div#tag > font.tag"
            },
            "minimumratio": {
                "text": 0.8
            }
        }
    },
    "conf": {
        "FREE": [
            "//h1[@id='top']/b/font[@class='free']"
        ],
        "2XFREE": [
            "//font[@class='twoup'][text()='2X']"
        ],
        "HR": [
            "//font[@color='red'][text()='Hit&Run']"
        ],
        "PEER_COUNT": [
            "//div[@id='peercount']/b[1]"
        ]
    }
}