{
    "id": "beiyouren",
    "name": "\u5317\u90ae\u4eba",
    "domain": "https://byr.pt/",
    "encoding": "UTF-8",
    "public": false,
    "search": {
        "paths": [
            {
                "path": "torrents.php",
                "method": "get"
            }
        ],
        "params": {
            "search": "{keyword}"
        },
        "batch": {
            "delimiter": " ",
            "space_replace": "_"
        }
    },
    "category": {
        "movie": [
            {
                "id": 408,
                "cat": "Movies",
                "desc": "Movies(\u7535\u5f71)"
            }
        ],
        "tv": [
            {
                "id": 401,
                "cat": "TV",
                "desc": "TV Series (\u5267\u96c6)"
            },
            {
                "id": 404,
                "cat": "TV/Anime",
                "desc": "Animations(\u52a8\u6f2b)"
            },
            {
                "id": 405,
                "cat": "TV/Shows",
                "desc": "TV Show/\u7efc\u827a"
            },
            {
                "id": 409,
                "cat": "TV/Sports",
                "desc": "TV Sports/\u4f53\u80b2"
            },
            {
                "id": 410,
                "cat": "TV/Documentary",
                "desc": "\u8bb0\u5f55(Documentary)"
            }
        ]
    },
    "torrents": {
        "list": {
            "selector": "table.torrents > tr:has(\"table.torrentname\")"
        },
        "fields": {
            "id": {
                "selector": "a[href*=\"details.php?id=\"]",
                "attribute": "href",
                "filters": [
                    {
                        "name": "re_search",
                        "args": [
                            "\\d+",
                            0
                        ]
                    }
                ]
            },
            "title": {
                "selector": "td:nth-child(3) > table.torrentname > tr > td.embedded > a > b"
            },
            "category": {
                "selector": "a[href*=\"torrents.php?cat=\"]",
                "attribute": "href",
                "filters": [
                    {
                        "name": "querystring",
                        "args": "cat"
                    }
                ]
            },
            "details": {
                "selector": "a[href*=\"details.php?id=\"]",
                "attribute": "href"
            },
            "download": {
                "selector": "a[href*=\"download.php?id=\"]",
                "attribute": "href"
            },
            "imdbid": {
                "selector": "div.imdb_100 > a",
                "attribute": "href",
                "filters": [
                    {
                        "name": "re_search",
                        "args": [
                            "tt\\d+",
                            0
                        ]
                    }
                ]
            },
            "date": {
                "selector": "td.rowfollow:nth-child(5)",
                "attribute": "title",
                "filters": [
                    {
                        "name": "dateparse",
                        "args": "%Y-%m-%d<br%H:%M:%S"
                    }
                ]
            },
            "size": {
                "selector": "td.rowfollow:nth-child(6)"
            },
            "seeders": {
                "selector": "td.rowfollow:nth-child(7)"
            },
            "leechers": {
                "selector": "td.rowfollow:nth-child(8)"
            },
            "grabs": {
                "selector": "td.rowfollow:nth-child(9)"
            },
            "downloadvolumefactor": {
                "case": {
                    "img.pro_free": 0,
                    "img.pro_free2up": 0,
                    "img.pro_50pctdown": 0.5,
                    "img.pro_50pctdown2up": 0.5,
                    "img.pro_30pctdown": 0.3,
                    "*": 1
                }
            },
            "uploadvolumefactor": {
                "case": {
                    "img.pro_50pctdown2up": 2,
                    "img.pro_free2up": 2,
                    "img.pro_2up": 2,
                    "*": 1
                }
            },
            "free_deadline": {
                "default_value": "{% if fields['downloadvolumefactor']==0 %}{{max_time}}{% endif%}",
                "default_value_format": "%Y-%m-%d %H:%M:%S.%f",
                "selector": "td > span > span > span[title]",
                "attribute": "title",
                "filters": [
                    {
                        "name": "dateparse",
                        "args": "%Y-%m-%d%H:%M:%S"
                    }
                ]
            },
            "description": {
                "selector": "td:nth-child(3) > table.torrentname > tr > td.embedded:nth-child(1)"
            },
            "labels": {
                "selector": "td.embedded > span.tags"
            }
        }
    },
    "conf": {
        "FREE": [
            "//h1[@id='top']/b/font[@class='free']"
        ],
        "2XFREE": [
            "//h1[@id='top']/b/font[@class='twoupfree']"
        ],
        "HR": [
            "//h1[@id='top']/img[@class='hitandrun']"
        ],
        "PEER_COUNT": [
            "//div[@id='peercount']/b[1]"
        ]
    }
}