{
    "id": "hanhan",
    "name": "\u61a8\u61a8",
    "encoding": "UTF-8",
    "public": false,
    "proxy": false,
    "domain": "https://hhanclub.top/",
    "search": {
        "paths": [
            {
                "path": "torrents.php",
                "method": "get"
            }
        ],
        "params": {
            "search": "{keyword}",
            "search_area": 0
        },
        "batch": {
            "delimiter": " ",
            "space_replace": "_"
        }
    },
    "batch": {
        "delimiter": " ",
        "space_replace": "_"
    },
    "browse": {},
    "torrents": {
        "list": {
            "selector": "div.torrent-table-sub-info"
        },
        "fields": {
            "id": {
                "selector": "a[href*=\"details.php?id=\"]",
                "attribute": "href",
                "filters": [
                    {
                        "name": "re_search",
                        "args": [
                            "\\d+",
                            0
                        ]
                    }
                ]
            },
            "category": {
                "selector": "a[href*=\"?cat[]=\"]",
                "attribute": "href",
                "filters": [
                    {
                        "name": "querystring",
                        "args": "cat"
                    }
                ]
            },
            "title_default": {
                "selector": "a[href*=\"details.php?id=\"]"
            },
            "title_optional": {
                "optional": true,
                "selector": "a[title][href*=\"details.php?id=\"]",
                "attribute": "title"
            },
            "title": {
                "text": "{% if fields['title_optional'] %}{{ fields['title_optional'] }}{% else %}{{ fields['title_default'] }}{% endif %}"
            },
            "details": {
                "selector": "a[href*=\"details.php?id=\"]",
                "attribute": "href"
            },
            "download": {
                "selector": "a[href*=\"download.php?id=\"]",
                "attribute": "href"
            },
            "size": {
                "selector": "div.torrent-info-text-size"
            },
            "seeders": {
                "selector": "div.torrent-info-text-seeders > a[href*=\"#seeders\"]"
            },
            "leechers": {
                "selector": "div.torrent-info-text-leechers > a[href*=\"#leechers\"]"
            },
            "grabs": {
                "selector": "div.torrent-info-text-finished"
            },
            "date_elapsed": {
                "selector": "div.torrent-info-text-added > span",
                "optional": true
            },
            "date_added": {
                "selector": "div.torrent-info-text-added > span",
                "attribute": "title",
                "optional": true
            },
            "date": {
                "text": "{% if fields['date_elapsed'] or fields['date_added'] %}{{ fields['date_elapsed'] if fields['date_elapsed'] else fields['date_added'] }}{% else %}now{% endif %}",
                "filters": [
                    {
                        "name": "dateparse",
                        "args": "%Y-%m-%d %H:%M:%S"
                    }
                ]
            },
            "downloadvolumefactor": {
                "case": {
                    "span.promotion-tag-free": 0,
                    "span.promotion-tag-free2up": 0,
                    "span.promotion-tag-50pctdown": 0.5,
                    "span.promotion-tag-50pctdown2up": 0.5,
                    "span.promotion-tag-30pctdown": 0.3,
                    "*": 1
                }
            },
            "uploadvolumefactor": {
                "case": {
                    "span.promotion-tag-50pctdown2up": 2,
                    "span.promotion-tag-free2up": 2,
                    "span.promotion-tag-2up": 2,
                    "*": 1
                }
            },
            "description": {
                "selector": "div.torrent-info-text-small_name"
            },
            "labels": {
                "selector": "a[href*=\"?tag_id\"] > span.tag"
            }
        }
    },
    "category": {
        "movie": [
            {
                "id": 401,
                "cat": "Movies",
                "desc": "Movies/\u7535\u5f71"
            },
            {
                "id": 405,
                "cat": "Anime",
                "desc": "Animations/\u52a8\u6f2b"
            }
        ],
        "tv": [
            {
                "id": 404,
                "cat": "TV/Documentary",
                "desc": "Documentaries/\u7eaa\u5f55\u7247"
            },
            {
                "id": 405,
                "cat": "Anime",
                "desc": "Animations/\u52a8\u6f2b"
            },
            {
                "id": 402,
                "cat": "TV",
                "desc": "TV Series/\u8fde\u7eed\u5267"
            },
            {
                "id": 403,
                "cat": "TV",
                "desc": "TV Shows/\u7efc\u827a"
            }
        ]
    },
    "conf": {
        "FREE": [
            "//span[@class='promotion-tag promotion-tag-free']"
        ],
        "2XFREE": [
            "//span[@class='promotion-tag promotion-tag-2xfree']"
        ],
        "HR": [
            "//span[contains(text(), 'H&R')]"
        ],
        "PEER_COUNT": [
            "//div[@id='seeder-count']"
        ]
    }
}