{
    "id": "wobao",
    "name": "\u6211\u5821",
    "domain": "https://ourbits.club/",
    "encoding": "UTF-8",
    "public": false,
    "search": {
        "paths": [
            {
                "path": "torrents.php",
                "method": "get"
            }
        ],
        "params": {
            "search": "{keyword}"
        },
        "batch": {
            "delimiter": " ",
            "space_replace": "_"
        }
    },
    "category": {
        "movie": [
            {
                "id": 401,
                "cat": "Movies",
                "desc": "Movies"
            },
            {
                "id": 402,
                "cat": "Movies/3D",
                "desc": "Movies 3D"
            }
        ],
        "tv": [
            {
                "id": 405,
                "cat": "TV",
                "desc": "TV Packs"
            },
            {
                "id": 410,
                "cat": "TV/Documentary",
                "desc": "Documentaries"
            },
            {
                "id": 411,
                "cat": "TV/Anime",
                "desc": "Animations"
            },
            {
                "id": 412,
                "cat": "TV",
                "desc": "TV Episodes"
            },
            {
                "id": 413,
                "cat": "TV",
                "desc": "TV Shows"
            },
            {
                "id": 419,
                "cat": "TV",
                "desc": "Concert"
            }
        ]
    },
    "torrents": {
        "list": {
            "selector": "table.torrents > tr:has(\"table.torrentname\")"
        },
        "fields": {
            "id": {
                "selector": "a[href*=\"details.php?id=\"]",
                "attribute": "href",
                "filters": [
                    {
                        "name": "re_search",
                        "args": [
                            "\\d+",
                            0
                        ]
                    }
                ]
            },
            "category": {
                "selector": "a[href*=\"?cat=\"]",
                "attribute": "href",
                "filters": [
                    {
                        "name": "querystring",
                        "args": "cat"
                    }
                ]
            },
            "title_default": {
                "selector": "a[href*=\"details.php?id=\"]"
            },
            "title_optional": {
                "optional": true,
                "selector": "a[title][href*=\"details.php?id=\"]",
                "attribute": "title"
            },
            "title": {
                "text": "{% if fields['title_optional'] %}{{ fields['title_optional'] }}{% else %}{{ fields['title_default'] }}{% endif %}"
            },
            "details": {
                "selector": "a[href*=\"details.php?id=\"]",
                "attribute": "href"
            },
            "download": {
                "selector": "a[href*=\"download.php?id=\"]",
                "attribute": "href"
            },
            "size": {
                "selector": "td:nth-child(5)",
                "index": 1
            },
            "grabs": {
                "selector": "td:nth-child(8)"
            },
            "seeders": {
                "selector": "td:nth-child(6)"
            },
            "leechers": {
                "selector": "td:nth-child(7)"
            },
            "date_elapsed": {
                "selector": "td:nth-child(4) > span[title]",
                "optional": true
            },
            "date_added": {
                "selector": "td:nth-child(4):not(:has(\"span\"))",
                "attribute": "title",
                "optional": true
            },
            "date": {
                "text": "{% if fields['date_elapsed'] or fields['date_added'] %}{{ fields['date_elapsed'] if fields['date_elapsed'] else fields['date_added'] }}{% else %}now{% endif %}",
                "filters": [
                    {
                        "name": "dateparse",
                        "args": "%Y-%m-%d %H:%M:%S"
                    }
                ]
            },
            "downloadvolumefactor": {
                "case": {
                    "img.pro_free": 0,
                    "img.pro_free2up": 0,
                    "img.pro_50pctdown": 0.5,
                    "img.pro_50pctdown2up": 0.5,
                    "img.pro_30pctdown": 0.3,
                    "*": 1
                }
            },
            "uploadvolumefactor": {
                "case": {
                    "img.pro_50pctdown2up": 2,
                    "img.pro_free2up": 2,
                    "img.pro_2up": 2,
                    "*": 1
                }
            },
            "free_deadline": {
                "default_value": "{% if fields['downloadvolumefactor']==0 %}{{max_time}}{% endif%}",
                "default_value_format": "%Y-%m-%d %H:%M:%S.%f",
                "selector": "td[class=\"embedded\"] > b > span[title]",
                "attribute": "title",
                "filters": [
                    {
                        "name": "dateparse",
                        "args": "%Y-%m-%d %H:%M:%S"
                    }
                ]
            },
            "tags": {
                "selector": "table.torrentname > tr > td.embedded > div:has(\"a\")"
            },
            "subject": {
                "selector": "table.torrentname > tr > td.embedded",
                "remove": "div,a,img,b"
            },
            "description": {
                "text": "{% if fields['tags']%}{{ fields['subject']+' '+fields['tags'] }}{% else %}{{ fields['subject'] }}{% endif %}"
            },
            "labels": {
                "selector": "table.torrentname > tr > td.embedded > div > a > div.tag"
            }
        }
    },
    "conf": {
        "FREE": [
            "//h1[@id='top']/b/font[@class='free']"
        ],
        "2XFREE": [
            "//h1[@id='top']/b/font[@class='twoupfree']"
        ],
        "HR": [
            "//h1[@id='top']/img[@class='hitandrun']"
        ],
        "PEER_COUNT": [
            "//div[@id='peercount']/b[1]"
        ]
    }
}