{
    "id": "chuntian",
    "name": "\u6625\u5929",
    "domain": "https://springsunday.net/",
    "encoding": "UTF-8",
    "public": false,
    "search": {
        "paths": [
            {
                "path": "torrents.php",
                "method": "get"
            }
        ],
        "params": {
            "search": "{keyword}"
        }
    },
    "category": {
        "movie": [
            {
                "id": 501,
                "cat": "Movies",
                "desc": "Movies(\u7535\u5f71)"
            }
        ],
        "tv": [
            {
                "id": 502,
                "cat": "TV",
                "desc": "TV Series(\u5267\u96c6)"
            },
            {
                "id": 503,
                "cat": "TV/Documentary",
                "desc": "Docs(\u7eaa\u5f55)"
            },
            {
                "id": 504,
                "cat": "TV/Anime",
                "desc": "Animations(\u52a8\u753b)"
            },
            {
                "id": 505,
                "cat": "TV",
                "desc": "TV Shows(\u7efc\u827a)"
            }
        ]
    },
    "torrents": {
        "list": {
            "selector": "table.torrents > tr:has(\"table.torrentname\")"
        },
        "fields": {
            "id": {
                "selector": "a[href*=\"details.php?id=\"]",
                "attribute": "href",
                "filters": [
                    {
                        "name": "re_search",
                        "args": [
                            "\\d+",
                            0
                        ]
                    }
                ]
            },
            "category": {
                "selector": "a[href*=\"?cat=\"]",
                "attribute": "href",
                "filters": [
                    {
                        "name": "querystring",
                        "args": "cat"
                    }
                ]
            },
            "title_default": {
                "selector": "a[href*=\"details.php?id=\"]"
            },
            "title_optional": {
                "optional": true,
                "selector": "a[title][href*=\"details.php?id=\"]",
                "attribute": "title"
            },
            "title": {
                "text": "{% if fields['title_optional'] %}{{ fields['title_optional'] }}{% else %}{{ fields['title_default'] }}{% endif %}"
            },
            "details": {
                "selector": "a[href*=\"details.php?id=\"]",
                "attribute": "href"
            },
            "download": {
                "selector": "a[href*=\"download.php?id=\"]",
                "attribute": "href"
            },
            "imdbid": {
                "selector": "a[href*=\"imdb.com/title/tt\"]",
                "attribute": "href",
                "filters": [
                    {
                        "name": "re_search",
                        "args": [
                            "tt\\d+",
                            0
                        ]
                    }
                ]
            },
            "date_elapsed": {
                "selector": "td.rowfollow:nth-last-child(6) > span",
                "optional": true
            },
            "date_added": {
                "selector": "td.rowfollow:nth-last-child(6) > span",
                "attribute": "title",
                "optional": true
            },
            "date": {
                "text": "{% if fields['date_elapsed'] or fields['date_added'] %}{{ fields['date_elapsed'] if fields['date_elapsed'] else fields['date_added'] }}{% else %}now{% endif %}",
                "filters": [
                    {
                        "name": "dateparse",
                        "args": "%Y-%m-%d %H:%M:%S"
                    }
                ]
            },
            "size": {
                "selector": "td.rowfollow:nth-last-child(5)"
            },
            "seeders": {
                "selector": "td.rowfollow:nth-last-child(4)"
            },
            "leechers": {
                "selector": "td.rowfollow:nth-last-child(3)"
            },
            "grabs": {
                "selector": "td.rowfollow:nth-last-child(2)"
            },
            "downloadvolumefactor": {
                "case": {
                    "span.torrent-pro-icon.torrent-pro-free": 0,
                    "span.torrent-pro-icon.torrent-pro-twoupfree": 0,
                    "span.torrent-pro-icon.torrent-pro-halfdown": 0.5,
                    "span.torrent-pro-icon.torrent-pro-twouphalfdown": 0.5,
                    "span.torrent-pro-icon.torrent-pro-thirtypercent": 0.3,
                    "*": 1
                }
            },
            "uploadvolumefactor": {
                "case": {
                    "span.torrent-pro-icon.torrent-pro-twouphalfdown": 2,
                    "span.torrent-pro-icon.torrent-pro-twoupfree": 2,
                    "span.torrent-pro-icon.torrent-pro-twoup": 2,
                    "*": 1
                }
            },
            "free_deadline": {
                "default_value": "{% if fields['downloadvolumefactor']==0 %}{{max_time}}{% endif%}",
                "default_value_format": "%Y-%m-%d %H:%M:%S.%f",
                "selector": "img.pro_free,img.pro_free2up",
                "attribute": "onmouseover",
                "filters": [
                    {
                        "name": "re_search",
                        "args": [
                            "\\d+-\\d+-\\d+ \\d+:\\d+:\\d+",
                            0
                        ]
                    },
                    {
                        "name": "dateparse",
                        "args": "%Y-%m-%d %H:%M:%S"
                    }
                ]
            },
            "description": {
                "selector": "table.torrentname > tr > td > div.torrent-smalldescr",
                "remove": "a, b, img, span",
                "contents": 0
            },
            "labels": {
                "selector": "table.torrentname > tr > td > div.torrent-smalldescr > a > span"
            }
        }
    },
    "conf": {
        "FREE": [
            "//h1[@id='top']/b/font[@class='free']"
        ],
        "2XFREE": [
            "//h1[@id='top']/b/font[@class='twoupfree']"
        ],
        "HR": [
            "//h1[@id='top']/img[@class='hitandrun']"
        ],
        "PEER_COUNT": [
            "//div[@id='peercount']/b[1]"
        ]
    }
}