{
    "id": "zimiao",
    "name": "\u6893\u55b5",
    "domain": "https://azusa.wiki/",
    "encoding": "UTF-8",
    "public": false,
    "search": {
        "paths": [
            {
                "path": "torrents.php",
                "method": "get"
            }
        ],
        "params": {
            "search": "{keyword}"
        },
        "batch": {
            "delimiter": " ",
            "space_replace": "_"
        }
    },
    "category": {
        "anime": [
            {
                "id": 402,
                "cat": "Anime/Comic",
                "desc": "\u6f2b\u753b"
            },
            {
                "id": 403,
                "cat": "Anime/Light Novel",
                "desc": "\u8f7b\u5c0f\u8bf4"
            },
            {
                "id": 404,
                "cat": "Anime/Game",
                "desc": "\u6e38\u620f"
            },
            {
                "id": 407,
                "cat": "Anime/CG",
                "desc": "CG"
            },
            {
                "id": 409,
                "cat": "Music/Audio",
                "desc": "\u97f3\u4e50"
            }
        ]
    },
    "torrents": {
        "list": {
            "selector": "table.torrents > tr:has(table)"
        },
        "fields": {
            "id": {
                "selector": "a[href^=\"details.php?id=\"]",
                "attribute": "href",
                "filters": [
                    {
                        "name": "re_search",
                        "args": [
                            "\\d+",
                            0
                        ]
                    }
                ]
            },
            "category": {
                "selector": "a[href^=\"?cat=\"]",
                "attribute": "href",
                "filters": [
                    {
                        "name": "replace",
                        "args": [
                            "?",
                            ""
                        ]
                    },
                    {
                        "name": "querystring",
                        "args": "cat"
                    }
                ]
            },
            "title_default": {
                "selector": "a[href^=\"details.php?id=\"]"
            },
            "title_optional": {
                "optional": true,
                "selector": "a[title][href^=\"details.php?id=\"]",
                "attribute": "title"
            },
            "title": {
                "text": "{% if fields['title_optional'] %}{{ fields['title_optional'] }}{% else %}{{ fields['title_default'] }}{% endif %}"
            },
            "details": {
                "selector": "a[href^=\"details.php?id=\"]",
                "attribute": "href"
            },
            "poster": {
                "selector": "img[data-orig]",
                "attribute": "data-orig"
            },
            "download": {
                "selector": "a[href^=\"download.php?id=\"]",
                "attribute": "href"
            },
            "size": {
                "selector": "td:nth-child(5)"
            },
            "grabs": {
                "selector": "td:nth-child(8)"
            },
            "seeders": {
                "selector": "td:nth-child(6)"
            },
            "leechers": {
                "selector": "td:nth-child(7)"
            },
            "date_elapsed": {
                "selector": "td:nth-child(4) > span[title]",
                "optional": true
            },
            "date_added": {
                "selector": "td:nth-child(4):not(:has(span))",
                "attribute": "title",
                "optional": true
            },
            "date": {
                "text": "{% if fields['date_elapsed'] or fields['date_added'] %}{{ fields['date_elapsed'] if fields['date_elapsed'] else fields['date_added'] }}{% else %}now{% endif %}",
                "filters": [
                    {
                        "name": "dateparse",
                        "args": "%Y-%m-%d %H:%M:%S"
                    }
                ]
            },
            "downloadvolumefactor": {
                "case": {
                    "img.pro_free": 0,
                    "img.pro_free2up": 0,
                    "img.pro_50pctdown": 0.5,
                    "img.pro_50pctdown2up": 0.5,
                    "img.pro_30pctdown": 0.3,
                    "*": 1
                }
            },
            "uploadvolumefactor": {
                "case": {
                    "img.pro_50pctdown2up": 2,
                    "img.pro_free2up": 2,
                    "img.pro_2up": 2,
                    "*": 1
                }
            },
            "free_deadline": {
                "default_value": "{% if fields['downloadvolumefactor']==0 %}{{max_time}}{% endif%}",
                "default_value_format": "%Y-%m-%d %H:%M:%S.%f",
                "selector": "img.pro_free,img.pro_free2up",
                "attribute": "onmouseover",
                "filters": [
                    {
                        "name": "re_search",
                        "args": [
                            "\\d+-\\d+-\\d+ \\d+:\\d+:\\d+",
                            0
                        ]
                    },
                    {
                        "name": "dateparse",
                        "args": "%Y-%m-%d %H:%M:%S"
                    }
                ]
            },
            "tags": {
                "selector": "td.embedded > span[style]"
            },
            "subject": {
                "selector": "td.embedded:has(a[href^=\"details.php?id=\"])",
                "contents": -1
            },
            "description": {
                "selector": "{% if fields['tags']%}{{ fields['subject']+' '+fields['tags']|join(' ') }}{% else %}{{ fields['subject'] }}{% endif %} {% if fields['checked'] %}\u2753{% else %}\u2705{% endif %}",
                "remove": "span,a,img,font,b",
                "contents": -1
            },
            "labels": {
                "selector": "td:nth-child(2) > table.torrentname > tr > td:nth-child(2) > span"
            }
        }
    },
    "conf": {
        "FREE": [
            "//h1[@id='top']/b/font[@class='free']"
        ],
        "2XFREE": [
            "//h1[@id='top']/b/font[@class='twoupfree']"
        ],
        "HR": [],
        "PEER_COUNT": []
    }
}