{
    "id": "haidan",
    "name": "\u6d77\u80c6\u4e4b\u5bb6",
    "domain": "https://www.haidan.video/",
    "encoding": "UTF-8",
    "public": false,
    "search": {
        "paths": [
            {
                "path": "torrents.php",
                "method": "get"
            }
        ],
        "params": {
            "search": "{keyword}"
        },
        "batch": {
            "delimiter": " ",
            "space_replace": "_"
        }
    },
    "batch": {
        "delimiter": " ",
        "space_replace": "_"
    },
    "browse": {},
    "torrents": {
        "list": {
            "selector": "div.torrent_panel_inner > div.torrent_group"
        },
        "fields": {
            "id": {
                "selector": "a[href*=\"details.php?group_id=\"]",
                "attribute": "href",
                "filters": [
                    {
                        "name": "re_search",
                        "args": [
                            "\\d+",
                            0
                        ]
                    }
                ]
            },
            "title_default": {
                "selector": "a[href*=\"details.php?group_id=\"]"
            },
            "title_optional": {
                "optional": true,
                "selector": "a[title][href*=\"details.php?group_id=\"]",
                "attribute": "title"
            },
            "title": {
                "text": "{% if fields['title_optional'] %}{{ fields['title_optional'][0:80]  }}{% else %}{{ fields['title_default'][0:80] }}{% endif %}"
            },
            "category": {
                "selector": "a[href*=\"?cat=\"]",
                "attribute": "href",
                "filters": [
                    {
                        "name": "replace",
                        "args": [
                            "?",
                            ""
                        ]
                    },
                    {
                        "name": "querystring",
                        "args": "cat"
                    }
                ]
            },
            "details": {
                "selector": "a[href*=\"details.php?group_id=\"]",
                "attribute": "href"
            },
            "download": {
                "selector": "a[href*=\"download.php?id=\"]",
                "attribute": "href"
            },
            "imdbid": {
                "selector": "div.imdb_100 > a",
                "attribute": "href",
                "filters": [
                    {
                        "name": "re_search",
                        "args": [
                            "tt\\d+",
                            0
                        ]
                    }
                ]
            },
            "date_elapsed": {
                "selector": "div.torrent_group > div.group_content > div.group_detail_wrap > div.group_detail > div.torrent_detail > div:nth-child(1) > div.torrent_item > div.time_col > span[title]",
                "optional": true
            },
            "date_added": {
                "selector": "div.torrent_group > div.group_content > div.group_detail_wrap > div.group_detail > div.torrent_detail > div:nth-child(1) > div.torrent_item > div.time_col > span[title]",
                "attribute": "title",
                "optional": true
            },
            "date": {
                "text": "{% if fields['date_elapsed'] or fields['date_added'] %}{{ fields['date_elapsed'] if fields['date_elapsed'] else fields['date_added'] }}{% else %}now{% endif %}",
                "filters": [
                    {
                        "name": "dateparse",
                        "args": "%Y-%m-%d %H:%M:%S"
                    }
                ]
            },
            "size": {
                "selector": "div.torrent_group > div.group_content > div.group_detail_wrap > div.group_detail > div.torrent_detail > div:nth-child(1) > div.torrent_item > div.video_size"
            },
            "seeders": {
                "selector": "div.torrent_group > div.group_content > div.group > div.seeder_col"
            },
            "leechers": {
                "selector": "div.torrent_group > div.group_content > div.group > div.leecher_col"
            },
            "grabs": {
                "selector": "div.torrent_group > div.group_content > div.group > div.snatched_col"
            },
            "downloadvolumefactor": {
                "case": {
                    "img.pro_free": 0,
                    "img.pro_free2up": 0,
                    "img.pro_50pctdown": 0.5,
                    "img.pro_50pctdown2up": 0.5,
                    "img.pro_30pctdown": 0.3,
                    "*": 1
                }
            },
            "uploadvolumefactor": {
                "case": {
                    "img.pro_50pctdown2up": 2,
                    "img.pro_free2up": 2,
                    "img.pro_2up": 2,
                    "*": 1
                }
            },
            "free_deadline": {
                "default_value": "{% if fields['downloadvolumefactor']==0 %}{{max_time}}{% endif%}",
                "default_value_format": "%Y-%m-%d %H:%M:%S.%f",
                "selector": "img.pro_free,img.pro_free2up",
                "attribute": "onmouseover",
                "filters": [
                    {
                        "name": "re_search",
                        "args": [
                            "\\d+-\\d+-\\d+ \\d+:\\d+:\\d+",
                            0
                        ]
                    },
                    {
                        "name": "dateparse",
                        "args": "%Y-%m-%d %H:%M:%S"
                    }
                ]
            },
            "description": {
                "selector": "div.torrent_group > div.group_content > div.group > div.table_cell > div.name > div.video_name > a",
                "remove": "a,b,img,span",
                "contents": -1
            },
            "labels": {
                "selector": "div.torrent_group > div.group_content > div.group > div.table_cell > div.name > div.video_name_extra > div"
            },
            "minimumratio": {
                "text": 1
            },
            "minimumseedtime": {
                "text": 90000
            }
        }
    },
    "category": {
        "movie": [
            {
                "id": 401,
                "cat": "Movies",
                "desc": "\u7535\u5f71"
            }
        ],
        "tv": [
            {
                "id": 402,
                "cat": "TV/Series",
                "desc": "\u7535\u89c6\u5267"
            },
            {
                "id": 403,
                "cat": "TV/Shows",
                "desc": "\u7efc\u827a"
            },
            {
                "id": 404,
                "cat": "TV/Documentaries",
                "desc": "\u7eaa\u5f55\u7247"
            },
            {
                "id": 405,
                "cat": "TV/Animations",
                "desc": "\u52a8\u6f2b"
            }
        ]
    },
    "conf": {
        "FREE": [
            "//div[@class='torrent']/div/div/div/div/div[@class='torrent_name_wrap']/div/div[@class='sp']/img[@class='pro_free']"
        ],
        "2XFREE": [],
        "HR": [],
        "PEER_COUNT": []
    }
}