{
    "id": "comicat",
    "name": "\u6f2b\u55b5",
    "domain": "https://www.comicat.org",
    "encoding": "UTF-8",
    "public": true,
    "search": {
        "paths": [
            {
                "path": "search.php?keyword={keyword}&page={page}",
                "method": "get"
            }
        ]
    },
    "torrents": {
        "list": {
            "selector": "#data_list tr"
        },
        "fields": {
            "id": {
                "selector": "td:nth-of-type(3) a",
                "attribute": "href",
                "fitlers": [
                    {
                        "name": "re_search",
                        "args": [
                            "show-(\\w+).html",
                            0
                        ]
                    }
                ]
            },
            "title": {
                "selector": "td:nth-of-type(3) a"
            },
            "download": {
                "selector": "td:nth-of-type(3) a",
                "attribute": "href",
                "filters": [
                    {
                        "name": "split",
                        "args": [
                            "-",
                            1
                        ]
                    },
                    {
                        "name": "split",
                        "args": [
                            ".",
                            0
                        ]
                    },
                    {
                        "name": "appendleft",
                        "args": "magnet:?xt=urn:btih:"
                    }
                ]
            },
            "labels": {
                "selector": "td:nth-of-type(8) a"
            },
            "size": {
                "selector": "td:nth-of-type(4)"
            },
            "seeders": {
                "selector": "td:nth-of-type(5) span"
            },
            "leechers": {
                "selector": "td:nth-of-type(6) span"
            },
            "date_added": {
                "selector": "td:nth-of-type(1)"
            }
        }
    }
}