{
    "id": "shaobaoleyuan",
    "name": "\u70e7\u5305\u4e50\u56ed",
    "domain": "https://ptsbao.club/",
    "encoding": "UTF-8",
    "public": false,
    "search": {
        "paths": [
            {
                "path": "torrents.php",
                "method": "get"
            }
        ],
        "params": {
            "search": "{keyword}"
        },
        "batch": {
            "delimiter": " ",
            "space_replace": "_"
        }
    },
    "category": {
        "movie": [
            {
                "id": 401,
                "cat": "Movies",
                "desc": "Movies(\u7535\u5f71)"
            }
        ],
        "tv": [
            {
                "id": 402,
                "cat": "TV",
                "desc": "TV Series(\u7535\u89c6\u5267)"
            },
            {
                "id": 403,
                "cat": "TV/Other",
                "desc": "TV Shows(\u7535\u89c6\u8282\u76ee)"
            },
            {
                "id": 405,
                "cat": "TV/Anime",
                "desc": "Animations(\u52a8\u6f2b)"
            },
            {
                "id": 404,
                "cat": "TV/Documentary",
                "desc": "Documentaries(\u8bb0\u5f55\u7247)"
            }
        ]
    },
    "torrents": {
        "list": {
            "selector": "table.torrents tr:has(\"table.torrentname\")"
        },
        "fields": {
            "id": {
                "selector": "a[href*=\"details.php?id=\"]",
                "attribute": "href",
                "filters": [
                    {
                        "name": "re_search",
                        "args": [
                            "\\d+",
                            0
                        ]
                    }
                ]
            },
            "category": {
                "selector": "a[href*=\"torrents.php?cat=\"]",
                "attribute": "href",
                "filters": [
                    {
                        "name": "querystring",
                        "args": "cat"
                    }
                ]
            },
            "title_default": {
                "selector": "a[href*=\"details.php?id=\"]"
            },
            "title_optional": {
                "optional": true,
                "selector": "a[title][href*=\"details.php?id=\"]",
                "attribute": "title"
            },
            "title": {
                "text": "{% if fields['title_optional'] %}{{ fields['title_optional'] }}{% else %}{{ fields['title_default'] }}{% endif %}"
            },
            "details": {
                "selector": "a[href*=\"details.php?id=\"]",
                "attribute": "href"
            },
            "download": {
                "selector": "a[href*=\"download.php?id=\"]",
                "attribute": "href"
            },
            "size": {
                "selector": "td:nth-child(6)"
            },
            "grabs": {
                "selector": "td:nth-child(9)"
            },
            "seeders": {
                "selector": "td:nth-child(7)"
            },
            "leechers": {
                "selector": "td:nth-child(8)"
            },
            "date_elapsed": {
                "selector": "td:nth-child(5) > span",
                "optional": true
            },
            "date_added": {
                "selector": "td:nth-child(5) > span",
                "attribute": "title",
                "optional": true
            },
            "date": {
                "text": "{% if fields['date_elapsed'] or fields['date_added'] %}{{ fields['date_elapsed'] if fields['date_elapsed'] else fields['date_added'] }}{% else %}now{% endif %}",
                "filters": [
                    {
                        "name": "dateparse",
                        "args": "%Y-%m-%d %H:%M:%S"
                    }
                ]
            },
            "downloadvolumefactor": {
                "case": {
                    "img.pro_free": 0,
                    "img.pro_free2up": 0,
                    "img.pro_50pctdown": 0.5,
                    "img.pro_50pctdown2up": 0.5,
                    "img.pro_30pctdown": 0.3,
                    "*": 1
                }
            },
            "uploadvolumefactor": {
                "case": {
                    "img.pro_50pctdown2up": 2,
                    "img.pro_free2up": 2,
                    "img.pro_2up": 2,
                    "*": 1
                }
            },
            "free_deadline": {
                "default_value": "{% if fields['downloadvolumefactor']==0 %}{{max_time}}{% endif%}",
                "default_value_format": "%Y-%m-%d %H:%M:%S.%f",
                "selector": "td[class=\"embedded\"] > font > span[title]",
                "attribute": "title",
                "filters": [
                    {
                        "name": "dateparse",
                        "args": "%Y-%m-%d %H:%M:%S"
                    }
                ]
            },
            "description": {
                "selector": "table.torrentname > td",
                "contents": -1
            },
            "labels": {
                "selector": "table.torrentname > td > span"
            }
        }
    },
    "conf": {
        "FREE": [
            "//h1[@id='top']/b/font[@class='free']"
        ],
        "2XFREE": [
            "//h1[@id='top']/b/font[@class='twoupfree']"
        ],
        "HR": [],
        "PEER_COUNT": [
            "//div[@id='peercount']/b[1]"
        ]
    }
}