{
    "id": "rousi",
    "name": "\u8089\u4e1d",
    "domain": "https://rousi.zip/",
    "encoding": "UTF-8",
    "public": false,
    "search": {
        "paths": [
            {
                "path": "torrents.php",
                "method": "get"
            }
        ],
        "params": {
            "search": "{keyword}",
            "allsec": true
        },
        "batch": {
            "delimiter": " ",
            "space_replace": "_"
        }
    },
    "batch": {
        "delimiter": " ",
        "space_replace": "_"
    },
    "category": {
        "movie": [
            {
                "id": 401,
                "cat": "Movies(\u7535\u5f71)",
                "desc": "Movies(\u7535\u5f71)"
            },
            {
                "id": 406,
                "cat": "Music(\u97f3\u4e50\u3001\u4e13\u8f91\u3001MV\u3001\u6f14\u5531\u4f1a)",
                "desc": "Music(\u97f3\u4e50\u3001\u4e13\u8f91\u3001MV\u3001\u6f14\u5531\u4f1a)"
            },
            {
                "id": 422,
                "cat": "III(\u4e09\u7ea7\u7247\u3001\u9650\u5236\u7ea7\u7535\u5f71)",
                "desc": "III(\u4e09\u7ea7\u7247\u3001\u9650\u5236\u7ea7\u7535\u5f71)"
            },
            {
                "id": 423,
                "cat": "H\u6f2b(\u52a8\u6f2b\u3001\u6f2b\u753b)",
                "desc": "H\u6f2b(\u52a8\u6f2b\u3001\u6f2b\u753b)"
            },
            {
                "id": 426,
                "cat": "H\u56fe(\u5199\u771f\u3001\u56fe\u7247\u3001\u79c1\u62cd\u3001\u77ed\u89c6\u9891)",
                "desc": "H\u56fe(\u5199\u771f\u3001\u56fe\u7247\u3001\u79c1\u62cd\u3001\u77ed\u89c6\u9891)"
            }
        ],
        "tv": [
            {
                "id": 402,
                "cat": "TV Series(\u7535\u89c6\u5267)",
                "desc": "Doc SD"
            },
            {
                "id": 403,
                "cat": "TV Shows(\u7efc\u827a)",
                "desc": "TV Shows(\u7efc\u827a)"
            },
            {
                "id": 404,
                "cat": "Documentaries(\u7eaa\u5f55\u7247)",
                "desc": "Documentaries(\u7eaa\u5f55\u7247)"
            },
            {
                "id": 405,
                "cat": "Animations(3D\u52a8\u753b\u30012.5\u6b21\u5143)",
                "desc": "Animations(3D\u52a8\u753b\u30012.5\u6b21\u5143)"
            },
            {
                "id": 407,
                "cat": "Sports(\u4f53\u80b2\u3001\u7ade\u6280\u3001\u6b66\u672f\u53ca\u76f8\u5173)",
                "desc": "Sports(\u4f53\u80b2\u3001\u7ade\u6280\u3001\u6b66\u672f\u53ca\u76f8\u5173)"
            },
            {
                "id": 419,
                "cat": "Art(\u821e\u8e48\u3001\u6b4c\u5267\u3001\u620f\u66f2\u3001\u76f8\u58f0\u3001\u8bc4\u4e66\u7b49)",
                "desc": "Art(\u821e\u8e48\u3001\u6b4c\u5267\u3001\u620f\u66f2\u3001\u76f8\u58f0\u3001\u8bc4\u4e66\u7b49)"
            },
            {
                "id": 415,
                "cat": "ACGN(\u4e8c\u6b21\u5143\u3001\u6f2b\u753b\u3001\u52a8\u6f2b)",
                "desc": "ACGN(\u4e8c\u6b21\u5143\u3001\u6f2b\u753b\u3001\u52a8\u6f2b)"
            },
            {
                "id": 416,
                "cat": "Baby(\u5a74\u5e7c\u3001\u513f\u7ae5\u3001\u65e9\u6559\u3001\u5c0f\u5b66\u53ca\u76f8\u5173)",
                "desc": "Baby(\u5a74\u5e7c\u3001\u513f\u7ae5\u3001\u65e9\u6559\u3001\u5c0f\u5b66\u53ca\u76f8\u5173)"
            }
        ]
    },
    "torrents": {
        "list": {
            "selector": "table.torrents > tr:has(\"table.torrentname\")"
        },
        "fields": {
            "id": {
                "selector": "a[href*=\"details.php?id=\"]",
                "attribute": "href",
                "filters": [
                    {
                        "name": "re_search",
                        "args": [
                            "\\d+",
                            0
                        ]
                    }
                ]
            },
            "title_default": {
                "selector": "a[href*=\"details.php?id=\"]"
            },
            "title_optional": {
                "optional": true,
                "selector": "a[title][href*=\"details.php?id=\"]",
                "attribute": "title"
            },
            "title": {
                "text": "{% if fields['title_optional'] %}{{ fields['title_optional'] }}{% else %}{{ fields['title_default'] }}{% endif %}"
            },
            "category": {
                "selector": "a[href*=\"?cat=\"]",
                "attribute": "href",
                "filters": [
                    {
                        "name": "replace",
                        "args": [
                            "?",
                            ""
                        ]
                    },
                    {
                        "name": "querystring",
                        "args": "cat"
                    }
                ]
            },
            "details": {
                "selector": "a[href*=\"details.php?id=\"]",
                "attribute": "href"
            },
            "download": {
                "selector": "a[href*=\"download.php?id=\"]",
                "attribute": "href"
            },
            "imdbid": {
                "selector": "div.imdb_100 > a",
                "attribute": "href",
                "filters": [
                    {
                        "name": "re_search",
                        "args": [
                            "tt\\d+",
                            0
                        ]
                    }
                ]
            },
            "date_elapsed": {
                "selector": "td:nth-child(4) > span",
                "optional": true
            },
            "date_added": {
                "selector": "td:nth-child(4) > span",
                "attribute": "title",
                "optional": true
            },
            "date": {
                "text": "{% if fields['date_elapsed'] or fields['date_added'] %}{{ fields['date_elapsed'] if fields['date_elapsed'] else fields['date_added'] }}{% else %}now{% endif %}",
                "filters": [
                    {
                        "name": "dateparse",
                        "args": "%Y-%m-%d %H:%M:%S"
                    }
                ]
            },
            "size": {
                "selector": "td:nth-child(5)"
            },
            "seeders": {
                "selector": "td:nth-child(6)"
            },
            "leechers": {
                "selector": "td:nth-child(7)"
            },
            "grabs": {
                "selector": "td:nth-child(8)"
            },
            "downloadvolumefactor": {
                "case": {
                    "img.pro_free": 0,
                    "img.pro_free2up": 0,
                    "img.pro_50pctdown": 0.5,
                    "img.pro_50pctdown2up": 0.5,
                    "img.pro_30pctdown": 0.3,
                    "*": 1
                }
            },
            "uploadvolumefactor": {
                "case": {
                    "img.pro_50pctdown2up": 2,
                    "img.pro_free2up": 2,
                    "img.pro_2up": 2,
                    "*": 1
                }
            },
            "free_deadline": {
                "default_value": "{% if fields['downloadvolumefactor']==0 %}{{max_time}}{% endif%}",
                "default_value_format": "%Y-%m-%d %H:%M:%S.%f",
                "selector": "img.pro_free,img.pro_free2up",
                "attribute": "onmouseover",
                "filters": [
                    {
                        "name": "re_search",
                        "args": [
                            "\\d+-\\d+-\\d+ \\d+:\\d+:\\d+",
                            0
                        ]
                    },
                    {
                        "name": "dateparse",
                        "args": "%Y-%m-%d %H:%M:%S"
                    }
                ]
            },
            "tags": {
                "selector": "div > a.torrents-tag"
            },
            "subject": {
                "selector": "td.embedded:nth-child(2) > div > div:nth-child(2) > span",
                "contents": -1
            },
            "description": {
                "selector": "td:nth-child(2) > table.torrentname > tr > td:nth-child(2)",
                "remove": "span,a,img,font,b",
                "contents": -1
            },
            "labels": {
                "selector": "td:nth-child(2) > table.torrentname > tr > td:nth-child(2) > span[title=\"\"]"
            }
        }
    },
    "conf": {
        "FREE": [
            "//h1[@id='top']/b/font[@class='free']"
        ],
        "2XFREE": [],
        "HR": [],
        "PEER_COUNT": [
            "//div[@id='peercount']/b[1]"
        ]
    },
    "system_type": ""
}